<?xml version="1.0" encoding="utf-8" standalone="yes" ?><WorkFlow UniqueID="bd037aaa-3869-4e7a-b9e8-c0df3fbfc178" ID="f3fc70e6-2860-4c21-81ae-2690f5c99920" Width="620" Height="520"><Activitys><Activity  UniqueID="cc5cb415-76b1-45f3-9365-b969ac592d7f" ActivityID="" ActivityName="开始" Type="INITIAL" PositionX="312" PositionY="39" RepeatDirection="None" ZIndex="24"></Activity><Activity  UniqueID="d6d23c9a-b915-4b22-be9c-9ae9c28b281a" ActivityID="" ActivityName="拜访关注" Type="COMPLETION" PositionX="312" PositionY="250" RepeatDirection="Horizontal" ZIndex="25"></Activity><Activity  UniqueID="000" ActivityID="" ActivityName="拜访关注" Type="INTERACTION" PositionX="312" PositionY="150" RepeatDirection="Horizontal" ZIndex="20"></Activity></Activitys><Rules><Rule  UniqueID="7e3677c5-14a5-468e-9bc2-bb8ebc5e4680" RuleID="5d6d1f5b-1b54-4ed3-98ba-3166707fe42d" RuleName="" LineType="Line" RuleCondition="" BeginActivityUniqueID="cc5cb415-76b1-45f3-9365-b969ac592d7f" EndActivityUniqueID="000" BeginActivityID="" EndActivityID="" BeginPointX="308" BeginPointY="62" EndPointX="306.636352539063" EndPointY="116" TurnPoint1X="0" TurnPoint1Y="0" TurnPoint2X="0" TurnPoint2Y="0" ZIndex="18"></Rule><Rule  UniqueID="aa6f77a5-4082-412d-83a9-3534b9a534bd" RuleID="51430cac-acbe-4aa9-b17d-3767c34761a9" RuleName="" LineType="Line" RuleCondition="" BeginActivityUniqueID="000" EndActivityUniqueID="d6d23c9a-b915-4b22-be9c-9ae9c28b281a" BeginActivityID="" EndActivityID="" BeginPointX="308" BeginPointY="176" EndPointX="306.542663574219" EndPointY="219.039352416992" TurnPoint1X="0" TurnPoint1Y="0" TurnPoint2X="0" TurnPoint2Y="0" ZIndex="17"></Rule></Rules><Labels></Labels></WorkFlow>